protein,epitope,start_pos,epi_len,entropy,perc_mutated
ORF7b,MIELSLID,0,8,0.062476744681505963,0.004926493587738556
ORF7b,IELSLIDF,1,8,0.060118733921141684,0.004770096965905579
ORF7b,ELSLIDFY,2,8,0.048842018313477537,0.003909915545824205
ORF7b,LSLIDFYL,3,8,0.030917943546118397,0.002424147638411034
ORF7b,SLIDFYLC,4,8,0.02419936095430586,0.001876759461995614
ORF7b,LIDFYLCF,5,8,0.025884716576240703,0.0019549577729121026
ORF7b,IDFYLCFL,6,8,0.033442483861196345,0.002580544260244011
ORF7b,DFYLCFLA,7,8,0.046548095226292475,0.003753518923991228
ORF7b,FYLCFLAF,8,8,0.046548095226292475,0.003753518923991228
ORF7b,YLCFLAFL,9,8,0.044561613810946074,0.003597122302158251
ORF7b,LCFLAFLL,10,8,0.044561613810946074,0.003597122302158251
ORF7b,CFLAFLLF,11,8,0.044561613810946074,0.003597122302158251
ORF7b,FLAFLLFL,12,8,0.05009974436484359,0.004066312167657182
ORF7b,LAFLLFLV,13,8,0.03446267733253726,0.0028151391929934766
ORF7b,AFLLFLVL,14,8,0.024546491886343925,0.002033156083828591
ORF7b,FLLFLVLI,15,8,0.01143796297067505,0.000860181420081374
ORF7b,LLFLVLIM,16,8,0.016337802546253846,0.0012511729746637057
ORF7b,LFLVLIML,17,8,0.021022010624274445,0.0016421645292461484
ORF7b,FLVLIMLI,18,8,0.022201374411835638,0.001720362840162637
ORF7b,LVLIMLII,19,8,0.021022010624274445,0.0016421645292461484
ORF7b,VLIMLIIF,20,8,0.0176846754687563,0.0013293712855801942
ORF7b,LIMLIIFW,21,8,0.02122284634108189,0.0015639662183296599
ORF7b,IMLIIFWF,22,8,0.02531474624686121,0.001876759461995614
ORF7b,MLIIFWFS,23,8,0.04428390346689792,0.0035189239912417625
ORF7b,LIIFWFSL,24,8,0.04374464340338711,0.0035189239912417625
ORF7b,IIFWFSLE,25,8,0.04560835882212075,0.003597122302158251
ORF7b,IFWFSLEL,26,8,0.04442920728658075,0.0035189239912417625
ORF7b,FWFSLELQ,27,8,0.04442920728658075,0.0035189239912417625
ORF7b,WFSLELQD,28,8,0.04545197442928316,0.003597122302158251
ORF7b,FSLELQDH,29,8,0.04820745395389527,0.0038317172349077167
ORF7b,SLELQDHN,30,8,0.04561943939527551,0.003597122302158251
ORF7b,LELQDHNE,31,8,0.05124323370776203,0.004144510478573671
ORF7b,ELQDHNET,32,8,0.07059844306868421,0.006177666562402262
ORF7b,LQDHNETC,33,8,0.08922172312759147,0.008054426024397876
ORF7b,QDHNETCH,34,8,0.10816227671169482,0.009696590553644024
ORF7b,DHNETCHA,35,8,0.11718346784807188,0.010400375351892421
ORF7b,MIELSLIDF,0,9,0.06564189924029913,0.005161088520487911
ORF7b,IELSLIDFY,1,9,0.060118733921141684,0.004770096965905579
ORF7b,ELSLIDFYL,2,9,0.05002112557953495,0.003988113856740694
ORF7b,LSLIDFYLC,3,9,0.03209721894386581,0.0025023459493275224
ORF7b,SLIDFYLCF,4,9,0.03983812660188065,0.0031279324366593197
ORF7b,LIDFYLCFL,5,9,0.03580099043995949,0.002736940882076988
ORF7b,IDFYLCFLA,6,9,0.046548095226292475,0.003753518923991228
ORF7b,DFYLCFLAF,7,9,0.04890633632357158,0.003909915545824205
ORF7b,FYLCFLAFL,8,9,0.04772722020222772,0.0038317172349077167
ORF7b,YLCFLAFLL,9,9,0.044561613810946074,0.003597122302158251
ORF7b,LCFLAFLLF,10,9,0.04574075649397927,0.0036753206130747396
ORF7b,CFLAFLLFL,11,9,0.05127883391824242,0.004144510478573671
ORF7b,FLAFLLFLV,12,9,0.05009974436484359,0.004066312167657182
ORF7b,LAFLLFLVL,13,9,0.03446267733253726,0.0028151391929934766
ORF7b,AFLLFLVLI,14,9,0.024546491886343925,0.002033156083828591
ORF7b,FLLFLVLIM,15,9,0.018696609626867672,0.0014075695964966828
ORF7b,LLFLVLIML,16,9,0.022201374411835638,0.001720362840162637
ORF7b,LFLVLIMLI,17,9,0.022201374411835638,0.001720362840162637
ORF7b,FLVLIMLII,18,9,0.022201374411835638,0.001720362840162637
ORF7b,LVLIMLIIF,19,9,0.02440369108583195,0.001876759461995614
ORF7b,VLIMLIIFW,20,9,0.02122284634108189,0.0015639662183296599
ORF7b,LIMLIIFWF,21,9,0.02531474624686121,0.001876759461995614
ORF7b,IMLIIFWFS,22,9,0.04428390346689792,0.0035189239912417625
ORF7b,MLIIFWFSL,23,9,0.051001185556335434,0.004066312167657182
ORF7b,LIIFWFSLE,24,9,0.051470338734848214,0.004066312167657182
ORF7b,IIFWFSLEL,25,9,0.04560835882212075,0.003597122302158251
ORF7b,IFWFSLELQ,26,9,0.04442920728658075,0.0035189239912417625
ORF7b,FWFSLELQD,27,9,0.04883299152524565,0.0038317172349077167
ORF7b,WFSLELQDH,28,9,0.05174477575137233,0.004066312167657182
ORF7b,FSLELQDHN,29,9,0.04971041943406909,0.003909915545824205
ORF7b,SLELQDHNE,30,9,0.0643461883817982,0.005317485142320888
ORF7b,LELQDHNET,31,9,0.07608680901701186,0.006568658116984705
ORF7b,ELQDHNETC,32,9,0.09694381542847513,0.008601814200813296
ORF7b,LQDHNETCH,33,9,0.10816227671169482,0.009696590553644024
ORF7b,QDHNETCHA,34,9,0.11718346784807188,0.010400375351892421
ORF7b,MIELSLIDFY,0,10,0.06564189924029913,0.005161088520487911
ORF7b,IELSLIDFYL,1,10,0.061297743733141785,0.004848295276822068
ORF7b,ELSLIDFYLC,2,10,0.051200223989610716,0.004066312167657182
ORF7b,LSLIDFYLCF,3,10,0.04773485235889918,0.003753518923991228
ORF7b,SLIDFYLCFL,4,10,0.049753073474506804,0.003909915545824205
ORF7b,LIDFYLCFLA,5,10,0.04890633632357159,0.003909915545824205
ORF7b,IDFYLCFLAF,6,10,0.04890633632357158,0.003909915545824205
ORF7b,DFYLCFLAFL,7,10,0.050085443589629,0.003988113856740694
ORF7b,FYLCFLAFLL,8,10,0.04772722020222772,0.0038317172349077167
ORF7b,YLCFLAFLLF,9,10,0.04574075649397927,0.0036753206130747396
ORF7b,LCFLAFLLFL,10,10,0.05245791461426877,0.004222708789490159
ORF7b,CFLAFLLFLV,11,10,0.05127883391824242,0.004144510478573671
ORF7b,FLAFLLFLVL,12,10,0.05009974436484359,0.004066312167657182
ORF7b,LAFLLFLVLI,13,10,0.03446267733253726,0.0028151391929934766
ORF7b,AFLLFLVLIM,14,10,0.03180421077653574,0.002580544260244011
ORF7b,FLLFLVLIML,15,10,0.024560075478669542,0.001876759461995614
ORF7b,LLFLVLIMLI,16,10,0.02338072936353138,0.0017985611510791255
ORF7b,LFLVLIMLII,17,10,0.022201374411835638,0.001720362840162637
ORF7b,FLVLIMLIIF,18,10,0.025583028363720277,0.0019549577729121026
ORF7b,LVLIMLIIFW,19,10,0.027941676404977897,0.0021113543947450797
ORF7b,VLIMLIIFWF,20,10,0.02531474624686121,0.001876759461995614
ORF7b,LIMLIIFWFS,21,10,0.04428390346689792,0.0035189239912417625
ORF7b,IMLIIFWFSL,22,10,0.051001185556335434,0.004066312167657182
ORF7b,MLIIFWFSLE,23,10,0.05872644691060514,0.004613700344072602
ORF7b,LIIFWFSLEL,24,10,0.051470338734848214,0.004066312167657182
ORF7b,IIFWFSLELQ,25,10,0.04560835882212075,0.003597122302158251
ORF7b,IFWFSLELQD,26,10,0.04883299152524565,0.0038317172349077167
ORF7b,FWFSLELQDH,27,10,0.055125633445918566,0.004300907100406648
ORF7b,WFSLELQDHN,28,10,0.05324771466360113,0.004144510478573671
ORF7b,FSLELQDHNE,29,10,0.06843638860425043,0.005630278385986842
ORF7b,SLELQDHNET,30,10,0.08918563755899486,0.007741632780731922
ORF7b,LELQDHNETC,31,10,0.10243080372391196,0.008992805755395739
ORF7b,ELQDHNETCH,32,10,0.11588306040258511,0.010243978730059444
ORF7b,LQDHNETCHA,33,10,0.11718346784807188,0.010400375351892421
ORF7b,MIELSLIDFYL,0,11,0.06682086472715364,0.0052392868314043994
ORF7b,IELSLIDFYLC,1,11,0.062476744681505963,0.004926493587738556
ORF7b,ELSLIDFYLCF,2,11,0.06683502371202746,0.005317485142320888
ORF7b,LSLIDFYLCFL,3,11,0.0576490908641562,0.0045355020331561136
ORF7b,SLIDFYLCFLA,4,11,0.06285642691820843,0.005082890209571422
ORF7b,LIDFYLCFLAF,5,11,0.051264541999704774,0.004066312167657182
ORF7b,IDFYLCFLAFL,6,11,0.050085443589629,0.003988113856740694
ORF7b,DFYLCFLAFLL,7,11,0.050085443589629,0.003988113856740694
ORF7b,FYLCFLAFLLF,8,11,0.04890633632357158,0.003909915545824205
ORF7b,YLCFLAFLLFL,9,11,0.05245791461426877,0.004222708789490159
ORF7b,LCFLAFLLFLV,10,11,0.05245791461426877,0.004222708789490159
ORF7b,CFLAFLLFLVL,11,11,0.05127883391824242,0.004144510478573671
ORF7b,FLAFLLFLVLI,12,11,0.05009974436484359,0.004066312167657182
ORF7b,LAFLLFLVLIM,13,11,0.041719777105932554,0.0033625273694087854
ORF7b,AFLLFLVLIML,14,11,0.03766688099526547,0.003049734125742831
ORF7b,FLLFLVLIMLI,15,11,0.025739412756557868,0.0019549577729121026
ORF7b,LLFLVLIMLII,16,11,0.02338072936353138,0.0017985611510791255
ORF7b,LFLVLIMLIIF,17,11,0.025583028363720277,0.0019549577729121026
ORF7b,FLVLIMLIIFW,18,11,0.029120987166962146,0.0021895527056615682
ORF7b,LVLIMLIIFWF,19,11,0.032033328838673755,0.002424147638411034
ORF7b,VLIMLIIFWFS,20,11,0.04428390346689792,0.0035189239912417625
ORF7b,LIMLIIFWFSL,21,11,0.051001185556335434,0.004066312167657182
ORF7b,IMLIIFWFSLE,22,11,0.05872644691060514,0.004613700344072602
ORF7b,MLIIFWFSLEL,23,11,0.05872644691060514,0.004613700344072602
ORF7b,LIIFWFSLELQ,24,11,0.051470338734848214,0.004066312167657182
ORF7b,IIFWFSLELQD,25,11,0.05001210764658952,0.003909915545824205
ORF7b,IFWFSLELQDH,26,11,0.055125633445918566,0.004300907100406648
ORF7b,FWFSLELQDHN,27,11,0.05662854578394369,0.0043791054113231365
ORF7b,WFSLELQDHNE,28,11,0.07197309881068145,0.005864873318736308
ORF7b,FSLELQDHNET,29,11,0.09327473665685039,0.008054426024397876
ORF7b,SLELQDHNETC,30,11,0.11552549604787347,0.010165780419142956
ORF7b,LELQDHNETCH,31,11,0.12136547395103596,0.010634970284641887
ORF7b,ELQDHNETCHA,32,11,0.1249036900415611,0.010947763528307841
ORF7b,MIELSLIDFYLCF,0,13,0.08363235090767654,0.006568658116984705
ORF7b,IELSLIDFYLCFL,1,13,0.08802147334715307,0.006959649671567147
ORF7b,ELSLIDFYLCFLA,2,13,0.08984711728415487,0.007272442915232991
ORF7b,LSLIDFYLCFLAF,3,13,0.07310917864592897,0.005864873318736308
ORF7b,SLIDFYLCFLAFL,4,13,0.06639332337807499,0.005317485142320888
ORF7b,LIDFYLCFLAFLL,5,13,0.05244363155310361,0.004144510478573671
ORF7b,IDFYLCFLAFLLF,6,13,0.051264541999704774,0.004066312167657182
ORF7b,DFYLCFLAFLLFL,7,13,0.05798139011195089,0.004613700344072602
ORF7b,FYLCFLAFLLFLV,8,13,0.055623308453640094,0.004457303722239625
ORF7b,YLCFLAFLLFLVL,9,13,0.05245791461426877,0.004222708789490159
ORF7b,LCFLAFLLFLVLI,10,13,0.05245791461426877,0.004222708789490159
ORF7b,CFLAFLLFLVLIM,11,13,0.05853488007778335,0.004691898654989091
ORF7b,FLAFLLFLVLIML,12,13,0.06321714144257211,0.005082890209571422
ORF7b,LAFLLFLVLIMLI,13,13,0.048761032503888746,0.003909915545824205
ORF7b,AFLLFLVLIMLII,14,13,0.0388460856312626,0.0031279324366593197
ORF7b,FLLFLVLIMLIIF,15,13,0.029120987166962146,0.0021895527056615682
ORF7b,LLFLVLIMLIIFW,16,13,0.03030028908892648,0.0022677510165780568
ORF7b,LFLVLIMLIIFWF,17,13,0.03321260423642116,0.0025023459493275224
ORF7b,FLVLIMLIIFWFS,18,13,0.05218027510973427,0.004144510478573671
ORF7b,LVLIMLIIFWFSL,19,13,0.057718033668581546,0.004613700344072602
ORF7b,VLIMLIIFWFSLE,20,13,0.05872644691060514,0.004613700344072602
ORF7b,LIMLIIFWFSLEL,21,13,0.05872644691060514,0.004613700344072602
ORF7b,IMLIIFWFSLELQ,22,13,0.05872644691060514,0.004613700344072602
ORF7b,MLIIFWFSLELQD,23,13,0.06312973509741666,0.004926493587738556
ORF7b,LIIFWFSLELQDH,24,13,0.06216614485373334,0.004848295276822068
ORF7b,IIFWFSLELQDHN,25,13,0.057807599903679646,0.004457303722239625
ORF7b,IFWFSLELQDHNE,26,13,0.07535334476998404,0.006099468251485773
ORF7b,FWFSLELQDHNET,27,13,0.1001900404853241,0.008523615889896807
ORF7b,WFSLELQDHNETC,28,13,0.12314854737053493,0.010713168595558376
ORF7b,FSLELQDHNETCH,29,13,0.13854460456009748,0.012120738192055058
ORF7b,SLELQDHNETCHA,30,13,0.14347638221281742,0.012511729746637501
ORF7b,MIELSLIDFYLCFL,0,14,0.09354339624364201,0.007350641226149479
ORF7b,IELSLIDFYLCFLA,1,14,0.10111963544068044,0.008132624335314365
ORF7b,ELSLIDFYLCFLAF,2,14,0.09220456005746505,0.007428839537065968
ORF7b,LSLIDFYLCFLAFL,3,14,0.07428806430360523,0.005943071629652796
ORF7b,SLIDFYLCFLAFLL,4,14,0.06639332337807499,0.005317485142320888
ORF7b,LIDFYLCFLAFLLF,5,14,0.053622712249129956,0.004222708789490159
ORF7b,IDFYLCFLAFLLFL,6,14,0.05798139011195089,0.004613700344072602
ORF7b,DFYLCFLAFLLFLV,7,14,0.05798139011195089,0.004613700344072602
ORF7b,FYLCFLAFLLFLVL,8,14,0.055623308453640094,0.004457303722239625
ORF7b,YLCFLAFLLFLVLI,9,14,0.05245791461426877,0.004222708789490159
ORF7b,LCFLAFLLFLVLIM,10,14,0.059713898752722955,0.004770096965905579
ORF7b,CFLAFLLFLVLIML,11,14,0.06439611579584917,0.005161088520487911
ORF7b,FLAFLLFLVLIMLI,12,14,0.06439611579584917,0.005161088520487911
ORF7b,LAFLLFLVLIMLII,13,14,0.048761032503888746,0.003909915545824205
ORF7b,AFLLFLVLIMLIIF,14,14,0.04222726205359641,0.0033625273694087854
ORF7b,FLLFLVLIMLIIFW,15,14,0.03265886641002413,0.002424147638411034
ORF7b,LLFLVLIMLIIFWF,16,14,0.03439187079137668,0.002580544260244011
ORF7b,LFLVLIMLIIFWFS,17,14,0.05218027510973427,0.004144510478573671
ORF7b,FLVLIMLIIFWFSL,18,14,0.058897061205764385,0.004691898654989091
ORF7b,LVLIMLIIFWFSLE,19,14,0.06544286080702384,0.005161088520487911
ORF7b,VLIMLIIFWFSLEL,20,14,0.05872644691060514,0.004613700344072602
ORF7b,LIMLIIFWFSLELQ,21,14,0.05872644691060514,0.004613700344072602
ORF7b,IMLIIFWFSLELQD,22,14,0.06312973509741666,0.004926493587738556
ORF7b,MLIIFWFSLELQDH,23,14,0.06942163264804832,0.0053956834532373765
ORF7b,LIIFWFSLELQDHN,24,14,0.06366899516092747,0.004926493587738556
ORF7b,IIFWFSLELQDHNE,25,14,0.07653220380537552,0.006177666562402262
ORF7b,IFWFSLELQDHNET,26,14,0.1001900404853241,0.008523615889896807
ORF7b,FWFSLELQDHNETC,27,14,0.12652713877510977,0.010947763528307841
ORF7b,WFSLELQDHNETCH,28,14,0.14207909848386102,0.012355333124804524
ORF7b,FSLELQDHNETCHA,29,14,0.1475633067041517,0.012824522990303455
ORF7b,MIELSLIDFYLCFLA,0,15,0.10664089162612561,0.008523615889896807
ORF7b,IELSLIDFYLCFLAF,1,15,0.1034768826377245,0.008289020957147342
ORF7b,ELSLIDFYLCFLAFL,2,15,0.09338326811445272,0.007507037847982456
ORF7b,LSLIDFYLCFLAFLL,3,15,0.07428806430360523,0.005943071629652796
ORF7b,SLIDFYLCFLAFLLF,4,15,0.06757227112999348,0.0053956834532373765
ORF7b,LIDFYLCFLAFLLFL,5,15,0.060339436324073334,0.004770096965905579
ORF7b,IDFYLCFLAFLLFLV,6,15,0.05798139011195089,0.004613700344072602
ORF7b,DFYLCFLAFLLFLVL,7,15,0.05798139011195089,0.004613700344072602
ORF7b,FYLCFLAFLLFLVLI,8,15,0.055623308453640094,0.004457303722239625
ORF7b,YLCFLAFLLFLVLIM,9,15,0.059713898752722955,0.004770096965905579
ORF7b,LCFLAFLLFLVLIML,10,15,0.06557508128270367,0.0052392868314043994
ORF7b,CFLAFLLFLVLIMLI,11,15,0.06557508128270367,0.0052392868314043994
ORF7b,FLAFLLFLVLIMLII,12,15,0.06439611579584917,0.005161088520487911
ORF7b,LAFLLFLVLIMLIIF,13,15,0.05214194334058318,0.004144510478573671
ORF7b,AFLLFLVLIMLIIFW,14,15,0.04576474321495834,0.003597122302158251
ORF7b,FLLFLVLIMLIIFWF,15,15,0.03675037737013982,0.002736940882076988
ORF7b,LLFLVLIMLIIFWFS,16,15,0.05335935580576061,0.004222708789490159
ORF7b,LFLVLIMLIIFWFSL,17,15,0.058897061205764385,0.004691898654989091
ORF7b,FLVLIMLIIFWFSLE,18,15,0.06662182629387835,0.0052392868314043994
ORF7b,LVLIMLIIFWFSLEL,19,15,0.06544286080702384,0.005161088520487911
ORF7b,VLIMLIIFWFSLELQ,20,15,0.05872644691060514,0.004613700344072602
ORF7b,LIMLIIFWFSLELQD,21,15,0.06312973509741666,0.004926493587738556
ORF7b,IMLIIFWFSLELQDH,22,15,0.06942163264804832,0.0053956834532373765
ORF7b,MLIIFWFSLELQDHN,23,15,0.07092442089028307,0.005473881764153865
ORF7b,LIIFWFSLELQDHNE,24,15,0.0823924282344115,0.006646856427901193
ORF7b,IIFWFSLELQDHNET,25,15,0.10136862405525252,0.008601814200813296
ORF7b,IFWFSLELQDHNETC,26,15,0.12652713877510977,0.010947763528307841
ORF7b,FWFSLELQDHNETCH,27,15,0.14545712763576257,0.01258992805755399
ORF7b,WFSLELQDHNETCHA,28,15,0.15109755943354708,0.01305911792305281
ORF7b,MIELSLIDFYLCFLAF,0,16,0.1089980498687907,0.008680012511729784
ORF7b,IELSLIDFYLCFLAFL,1,16,0.10465549289501858,0.00836721926806383
ORF7b,ELSLIDFYLCFLAFLL,2,16,0.09338326811445272,0.007507037847982456
ORF7b,LSLIDFYLCFLAFLLF,3,16,0.07546694108788463,0.006021269940569285
ORF7b,SLIDFYLCFLAFLLFL,4,16,0.07428806430360524,0.005943071629652796
ORF7b,LIDFYLCFLAFLLFLV,5,16,0.060339436324073334,0.004770096965905579
ORF7b,IDFYLCFLAFLLFLVL,6,16,0.05798139011195089,0.004613700344072602
ORF7b,DFYLCFLAFLLFLVLI,7,16,0.05798139011195089,0.004613700344072602
ORF7b,FYLCFLAFLLFLVLIM,8,16,0.06287910649960057,0.005004691898654934
ORF7b,YLCFLAFLLFLVLIML,9,16,0.06557508128270367,0.0052392868314043994
ORF7b,LCFLAFLLFLVLIMLI,10,16,0.06675403790243868,0.005317485142320888
ORF7b,CFLAFLLFLVLIMLII,11,16,0.06557508128270367,0.0052392868314043994
ORF7b,FLAFLLFLVLIMLIIF,12,16,0.06777660126151958,0.0053956834532373765
ORF7b,LAFLLFLVLIMLIIFW,13,16,0.05567915885376333,0.0043791054113231365
ORF7b,AFLLFLVLIMLIIFWF,14,16,0.04985572325375191,0.003909915545824205
ORF7b,FLLFLVLIMLIIFWFS,15,16,0.055717490622914416,0.0043791054113231365
ORF7b,LLFLVLIMLIIFWFSL,16,16,0.060076079880703986,0.004770096965905579
ORF7b,LFLVLIMLIIFWFSLE,17,16,0.06662182629387835,0.0052392868314043994
ORF7b,FLVLIMLIIFWFSLEL,18,16,0.06662182629387835,0.0052392868314043994
ORF7b,LVLIMLIIFWFSLELQ,19,16,0.06544286080702384,0.005161088520487911
ORF7b,VLIMLIIFWFSLELQD,20,16,0.06312973509741666,0.004926493587738556
ORF7b,LIMLIIFWFSLELQDH,21,16,0.06942163264804832,0.0053956834532373765
ORF7b,IMLIIFWFSLELQDHN,22,16,0.07092442089028307,0.005473881764153865
ORF7b,MLIIFWFSLELQDHNE,23,16,0.08964648729902626,0.007194244604316502
ORF7b,LIIFWFSLELQDHNET,24,16,0.10722719523568049,0.009071004066312116
ORF7b,IIFWFSLELQDHNETC,25,16,0.12770544620526703,0.011025961839224219
ORF7b,IFWFSLELQDHNETCH,26,16,0.14545712763576257,0.01258992805755399
ORF7b,FWFSLELQDHNETCHA,27,16,0.15447534733376708,0.013293712855802275
ORF7b,MIELSLIDFYLCFLAFL,0,17,0.11017661564363386,0.008758210822646273
ORF7b,IELSLIDFYLCFLAFLL,1,17,0.10465549289501858,0.00836721926806383
ORF7b,ELSLIDFYLCFLAFLLF,2,17,0.09456196728406183,0.007585236158898945
ORF7b,LSLIDFYLCFLAFLLFL,3,17,0.08218223733170046,0.006568658116984705
ORF7b,SLIDFYLCFLAFLLFLV,4,17,0.07428806430360524,0.005943071629652796
ORF7b,LIDFYLCFLAFLLFLVL,5,17,0.060339436324073334,0.004770096965905579
ORF7b,IDFYLCFLAFLLFLVLI,6,17,0.05798139011195089,0.004613700344072602
ORF7b,DFYLCFLAFLLFLVLIM,7,17,0.0652370640718804,0.005161088520487911
ORF7b,FYLCFLAFLLFLVLIML,8,17,0.0687401294402435,0.005473881764153865
ORF7b,YLCFLAFLLFLVLIMLI,9,17,0.06675403790243868,0.005317485142320888
ORF7b,LCFLAFLLFLVLIMLII,10,17,0.06675403790243868,0.005317485142320888
ORF7b,CFLAFLLFLVLIMLIIF,11,17,0.06895554014492436,0.005473881764153865
ORF7b,FLAFLLFLVLIMLIIFW,12,17,0.07131339130340371,0.005630278385986842
ORF7b,LAFLLFLVLIMLIIFWF,13,17,0.05976978459764257,0.004691898654989091
ORF7b,AFLLFLVLIMLIIFWFS,14,17,0.06882004643328755,0.005552080075070354
ORF7b,FLLFLVLIMLIIFWFSL,15,17,0.06243409064106826,0.004926493587738556
ORF7b,LLFLVLIMLIIFWFSLE,16,17,0.06780078291361337,0.005317485142320888
ORF7b,LFLVLIMLIIFWFSLEL,17,17,0.06662182629387835,0.0052392868314043994
ORF7b,FLVLIMLIIFWFSLELQ,18,17,0.06662182629387835,0.0052392868314043994
ORF7b,LVLIMLIIFWFSLELQD,19,17,0.06984590076326144,0.005473881764153865
ORF7b,VLIMLIIFWFSLELQDH,20,17,0.06942163264804832,0.0053956834532373765
ORF7b,LIMLIIFWFSLELQDHN,21,17,0.07092442089028307,0.005473881764153865
ORF7b,IMLIIFWFSLELQDHNE,22,17,0.08964648729902626,0.007194244604316502
ORF7b,MLIIFWFSLELQDHNET,23,17,0.11447932452189505,0.009618392242727536
ORF7b,LIIFWFSLELQDHNETC,24,17,0.13356236008900357,0.01149515170472315
ORF7b,IIFWFSLELQDHNETCH,25,17,0.14663524761870345,0.012668126368470478
ORF7b,IFWFSLELQDHNETCHA,26,17,0.15447534733376708,0.013293712855802275
ORF7b,MIELSLIDFYLCFLAFLL,0,18,0.11017661564363386,0.008758210822646273
ORF7b,IELSLIDFYLCFLAFLLF,1,18,0.10583409425722558,0.008445417578980319
ORF7b,ELSLIDFYLCFLAFLLFL,2,18,0.10127601983351801,0.008132624335314365
ORF7b,LSLIDFYLCFLAFLLFLV,3,18,0.08218223733170046,0.006568658116984705
ORF7b,SLIDFYLCFLAFLLFLVL,4,18,0.07428806430360524,0.005943071629652796
ORF7b,LIDFYLCFLAFLLFLVLI,5,18,0.060339436324073334,0.004770096965905579
ORF7b,IDFYLCFLAFLLFLVLIM,6,18,0.0652370640718804,0.005161088520487911
ORF7b,DFYLCFLAFLLFLVLIML,7,18,0.07109798059872285,0.005630278385986842
ORF7b,FYLCFLAFLLFLVLIMLI,8,18,0.06991905945443734,0.005552080075070354
ORF7b,YLCFLAFLLFLVLIMLII,9,18,0.06675403790243868,0.005317485142320888
ORF7b,LCFLAFLLFLVLIMLIIF,10,18,0.0701344701591182,0.005552080075070354
ORF7b,CFLAFLLFLVLIMLIIFW,11,18,0.0724923035770834,0.005708476696903331
ORF7b,FLAFLLFLVLIMLIIFWF,12,18,0.07540344959616059,0.005943071629652796
ORF7b,LAFLLFLVLIMLIIFWFS,13,18,0.07873224590109541,0.006334063184235239
ORF7b,AFLLFLVLIMLIIFWFSL,14,18,0.07553571540376461,0.006099468251485773
ORF7b,FLLFLVLIMLIIFWFSLE,15,18,0.07015866954893664,0.005473881764153865
ORF7b,LLFLVLIMLIIFWFSLEL,16,18,0.06780078291361337,0.005317485142320888
ORF7b,LFLVLIMLIIFWFSLELQ,17,18,0.06662182629387835,0.0052392868314043994
ORF7b,FLVLIMLIIFWFSLELQD,18,18,0.07102483077745528,0.005552080075070354
ORF7b,LVLIMLIIFWFSLELQDH,19,18,0.07613742582166008,0.005943071629652796
ORF7b,VLIMLIIFWFSLELQDHN,20,18,0.07092442089028307,0.005473881764153865
ORF7b,LIMLIIFWFSLELQDHNE,21,18,0.08964648729902626,0.007194244604316502
ORF7b,IMLIIFWFSLELQDHNET,22,18,0.11447932452189505,0.009618392242727536
ORF7b,MLIIFWFSLELQDHNETC,23,18,0.140812554869207,0.01204253988113857
ORF7b,LIIFWFSLELQDHNETCH,24,18,0.15249103650756216,0.013137316233969298
ORF7b,IIFWFSLELQDHNETCHA,25,18,0.15565338688673966,0.013371911166718764
ORF7b,MIELSLIDFYLCFLAFLLF,0,19,0.11135517251988158,0.008836409133562761
ORF7b,IELSLIDFYLCFLAFLLFL,1,19,0.11254746193892148,0.008992805755395739
ORF7b,ELSLIDFYLCFLAFLLFLV,2,19,0.10127601983351801,0.008132624335314365
ORF7b,LSLIDFYLCFLAFLLFLVL,3,19,0.08218223733170046,0.006568658116984705
ORF7b,SLIDFYLCFLAFLLFLVLI,4,19,0.07428806430360524,0.005943071629652796
ORF7b,LIDFYLCFLAFLLFLVLIM,5,19,0.06759498617846992,0.005317485142320888
ORF7b,IDFYLCFLAFLLFLVLIML,6,19,0.07109798059872285,0.005630278385986842
ORF7b,DFYLCFLAFLLFLVLIMLI,7,19,0.07227689287240255,0.005708476696903331
ORF7b,FYLCFLAFLLFLVLIMLII,8,19,0.06991905945443734,0.005552080075070354
ORF7b,YLCFLAFLLFLVLIMLIIF,9,19,0.0701344701591182,0.005552080075070354
ORF7b,LCFLAFLLFLVLIMLIIFW,10,19,0.0736712069794597,0.005786675007819819
ORF7b,CFLAFLLFLVLIMLIIFWF,11,19,0.07658232638044,0.006021269940569285
ORF7b,FLAFLLFLVLIMLIIFWFS,12,19,0.09436292885078654,0.007585236158898945
ORF7b,LAFLLFLVLIMLIIFWFSL,13,19,0.0854472935626944,0.006881451360650659
ORF7b,AFLLFLVLIMLIIFWFSLE,14,19,0.08325936275138571,0.006646856427901193
ORF7b,FLLFLVLIMLIIFWFSLEL,15,19,0.07015866954893664,0.005473881764153865
ORF7b,LLFLVLIMLIIFWFSLELQ,16,19,0.06780078291361337,0.005317485142320888
ORF7b,LFLVLIMLIIFWFSLELQD,17,19,0.07102483077745528,0.005552080075070354
ORF7b,FLVLIMLIIFWFSLELQDH,18,19,0.07731630260593948,0.006021269940569285
ORF7b,LVLIMLIIFWFSLELQDHN,19,19,0.07764015196476944,0.006021269940569285
ORF7b,VLIMLIIFWFSLELQDHNE,20,19,0.08964648729902626,0.007194244604316502
ORF7b,LIMLIIFWFSLELQDHNET,21,19,0.11447932452189505,0.009618392242727536
ORF7b,IMLIIFWFSLELQDHNETC,22,19,0.140812554869207,0.01204253988113857
ORF7b,MLIIFWFSLELQDHNETCH,23,19,0.15973991811815316,0.013684704410384718
ORF7b,LIIFWFSLELQDHNETCHA,24,19,0.161508693061937,0.013841101032217695
ORF7b,MIELSLIDFYLCFLAFLLFL,0,20,0.11806822870158191,0.00938379730997807
ORF7b,IELSLIDFYLCFLAFLLFLV,1,20,0.11254746193892148,0.008992805755395739
ORF7b,ELSLIDFYLCFLAFLLFLVL,2,20,0.10127601983351801,0.008132624335314365
ORF7b,LSLIDFYLCFLAFLLFLVLI,3,20,0.08218223733170046,0.006568658116984705
ORF7b,SLIDFYLCFLAFLLFLVLIM,4,20,0.0815426827442609,0.006490459806068216
ORF7b,LIDFYLCFLAFLLFLVLIML,5,20,0.07345579627477884,0.005786675007819819
ORF7b,IDFYLCFLAFLLFLVLIMLI,6,20,0.07227689287240255,0.005708476696903331
ORF7b,DFYLCFLAFLLFLVLIMLII,7,20,0.07227689287240255,0.005708476696903331
ORF7b,FYLCFLAFLLFLVLIMLIIF,8,20,0.07329941188194125,0.005786675007819819
ORF7b,YLCFLAFLLFLVLIMLIIFW,9,20,0.0736712069794597,0.005786675007819819
ORF7b,LCFLAFLLFLVLIMLIIFWF,10,20,0.07776119429062452,0.006099468251485773
ORF7b,CFLAFLLFLVLIMLIIFWFS,11,20,0.09554161913231715,0.007663434469815433
ORF7b,FLAFLLFLVLIMLIIFWFSL,12,20,0.10107698140024272,0.008132624335314365
ORF7b,LAFLLFLVLIMLIIFWFSLE,13,20,0.09317031925905093,0.007428839537065968
ORF7b,AFLLFLVLIMLIIFWFSLEL,14,20,0.08325936275138571,0.006646856427901193
ORF7b,FLLFLVLIMLIIFWFSLELQ,15,20,0.07015866954893664,0.005473881764153865
ORF7b,LLFLVLIMLIIFWFSLELQD,16,20,0.07220375192174079,0.005630278385986842
ORF7b,LFLVLIMLIIFWFSLELQDH,17,20,0.07731630260593948,0.006021269940569285
ORF7b,FLVLIMLIIFWFSLELQDHN,18,20,0.07881901987495396,0.006099468251485773
ORF7b,LVLIMLIIFWFSLELQDHNE,19,20,0.09636085095575844,0.007741632780731922
ORF7b,VLIMLIIFWFSLELQDHNET,20,20,0.11447932452189505,0.009618392242727536
ORF7b,LIMLIIFWFSLELQDHNETC,21,20,0.140812554869207,0.01204253988113857
ORF7b,IMLIIFWFSLELQDHNETCH,22,20,0.15973991811815316,0.013684704410384718
ORF7b,MLIIFWFSLELQDHNETCHA,23,20,0.16875701121636302,0.014388489208633115
ORF7b,MIELSLIDFYLCFLAFLLFLV,0,21,0.11806822870158191,0.00938379730997807
ORF7b,IELSLIDFYLCFLAFLLFLVL,1,21,0.11254746193892148,0.008992805755395739
ORF7b,ELSLIDFYLCFLAFLLFLVLI,2,21,0.10127601983351801,0.008132624335314365
ORF7b,LSLIDFYLCFLAFLLFLVLIM,3,21,0.08943635856878028,0.0071160462934000135
ORF7b,SLIDFYLCFLAFLLFLVLIML,4,21,0.08740269407767082,0.006959649671567147
ORF7b,LIDFYLCFLAFLLFLVLIMLI,5,21,0.07463469080515385,0.005864873318736308
ORF7b,IDFYLCFLAFLLFLVLIMLII,6,21,0.07227689287240255,0.005708476696903331
ORF7b,DFYLCFLAFLLFLVLIMLIIF,7,21,0.07565719206999251,0.005943071629652796
ORF7b,FYLCFLAFLLFLVLIMLIIFW,8,21,0.07683606885427192,0.006021269940569285
ORF7b,YLCFLAFLLFLVLIMLIIFWF,9,21,0.07776119429062452,0.006099468251485773
ORF7b,LCFLAFLLFLVLIMLIIFWFS,10,21,0.09672030052506879,0.007741632780731922
ORF7b,CFLAFLLFLVLIMLIIFWFSL,11,21,0.10225560944560702,0.008210822646230853
ORF7b,FLAFLLFLVLIMLIIFWFSLE,12,21,0.10879901143551542,0.008680012511729784
ORF7b,LAFLLFLVLIMLIIFWFSLEL,13,21,0.09317031925905093,0.007428839537065968
ORF7b,AFLLFLVLIMLIIFWFSLELQ,14,21,0.08325936275138571,0.006646856427901193
ORF7b,FLLFLVLIMLIIFWFSLELQD,15,21,0.07456156759779677,0.005786675007819819
ORF7b,LLFLVLIMLIIFWFSLELQDH,16,21,0.07849517051612401,0.006099468251485773
ORF7b,LFLVLIMLIIFWFSLELQDHN,17,21,0.07881901987495396,0.006099468251485773
ORF7b,FLVLIMLIIFWFSLELQDHNE,18,21,0.09753952345903064,0.00781983109164841
ORF7b,LVLIMLIIFWFSLELQDHNET,19,21,0.12119175733472311,0.010165780419142956
ORF7b,VLIMLIIFWFSLELQDHNETC,20,21,0.140812554869207,0.01204253988113857
ORF7b,LIMLIIFWFSLELQDHNETCH,21,21,0.15973991811815316,0.013684704410384718
ORF7b,IMLIIFWFSLELQDHNETCHA,22,21,0.16875701121636302,0.014388489208633115
ORF7b,MIELSLIDFYLCFLAFLLFLVL,0,22,0.11806822870158191,0.00938379730997807
ORF7b,IELSLIDFYLCFLAFLLFLVLI,1,22,0.11254746193892148,0.008992805755395739
ORF7b,ELSLIDFYLCFLAFLLFLVLIM,2,22,0.10852889669027793,0.008680012511729784
ORF7b,LSLIDFYLCFLAFLLFLVLIML,3,22,0.0952959435095613,0.007585236158898945
ORF7b,SLIDFYLCFLAFLLFLVLIMLI,4,22,0.08858145544423018,0.007037847982483525
ORF7b,LIDFYLCFLAFLLFLVLIMLII,5,22,0.07463469080515385,0.005864873318736308
ORF7b,IDFYLCFLAFLLFLVLIMLIIF,6,22,0.07565719206999251,0.005943071629652796
ORF7b,DFYLCFLAFLLFLVLIMLIIFW,7,22,0.07919379579984795,0.006177666562402262
ORF7b,FYLCFLAFLLFLVLIMLIIFWF,8,22,0.08092594967210838,0.006334063184235239
ORF7b,YLCFLAFLLFLVLIMLIIFWFS,9,22,0.09672030052506879,0.007741632780731922
ORF7b,LCFLAFLLFLVLIMLIIFWFSL,10,22,0.1034342285972868,0.008289020957147342
ORF7b,CFLAFLLFLVLIMLIIFWFSLE,11,22,0.10997757721035857,0.008758210822646273
ORF7b,FLAFLLFLVLIMLIIFWFSLEL,12,22,0.10879901143551542,0.008680012511729784
ORF7b,LAFLLFLVLIMLIIFWFSLELQ,13,22,0.09317031925905093,0.007428839537065968
ORF7b,AFLLFLVLIMLIIFWFSLELQD,14,22,0.08766172824975353,0.006959649671567147
ORF7b,FLLFLVLIMLIIFWFSLELQDH,15,22,0.08085287971141572,0.0062558648733187505
ORF7b,LLFLVLIMLIIFWFSLELQDHN,16,22,0.07999787891034546,0.006177666562402262
ORF7b,LFLVLIMLIIFWFSLELQDHNE,17,22,0.09753952345903064,0.00781983109164841
ORF7b,FLVLIMLIIFWFSLELQDHNET,18,22,0.12237015391610327,0.010243978730059444
ORF7b,LVLIMLIIFWFSLELQDHNETC,19,22,0.14752305210529085,0.01258992805755399
ORF7b,VLIMLIIFWFSLELQDHNETCH,20,22,0.15973991811815316,0.013684704410384718
ORF7b,LIMLIIFWFSLELQDHNETCHA,21,22,0.16875701121636302,0.014388489208633115
ORF7b,MIELSLIDFYLCFLAFLLFLVLI,0,23,0.11806822870158191,0.00938379730997807
ORF7b,IELSLIDFYLCFLAFLLFLVLIM,1,23,0.11979965354972,0.009540193931811047
ORF7b,ELSLIDFYLCFLAFLLFLVLIML,2,23,0.11438741447281411,0.009149202377228605
ORF7b,LSLIDFYLCFLAFLLFLVLIMLI,3,23,0.09647463379109193,0.007663434469815433
ORF7b,SLIDFYLCFLAFLLFLVLIMLII,4,23,0.08858145544423018,0.007037847982483525
ORF7b,LIDFYLCFLAFLLFLVLIMLIIF,5,23,0.07801493676445645,0.006099468251485773
ORF7b,IDFYLCFLAFLLFLVLIMLIIFW,6,23,0.07919379579984795,0.006177666562402262
ORF7b,DFYLCFLAFLLFLVLIMLIIFWF,7,23,0.08328360560816664,0.006490459806068216
ORF7b,FYLCFLAFLLFLVLIMLIIFWFS,8,23,0.09988449626612622,0.007976227713481387
ORF7b,YLCFLAFLLFLVLIMLIIFWFSL,9,23,0.1034342285972868,0.008289020957147342
ORF7b,LCFLAFLLFLVLIMLIIFWFSLE,10,23,0.1111561340866063,0.008836409133562761
ORF7b,CFLAFLLFLVLIMLIIFWFSLEL,11,23,0.10997757721035857,0.008758210822646273
ORF7b,FLAFLLFLVLIMLIIFWFSLELQ,12,23,0.10879901143551542,0.008680012511729784
ORF7b,LAFLLFLVLIMLIIFWFSLELQD,13,23,0.09757232937425478,0.007741632780731922
ORF7b,AFLLFLVLIMLIIFWFSLELQDH,14,23,0.09395224122323892,0.007428839537065968
ORF7b,FLLFLVLIMLIIFWFSLELQDHN,15,23,0.08235557035395627,0.006334063184235239
ORF7b,LLFLVLIMLIIFWFSLELQDHNE,16,23,0.09871818707212282,0.007898029402564899
ORF7b,LFLVLIMLIIFWFSLELQDHNET,17,23,0.12237015391610327,0.010243978730059444
ORF7b,FLVLIMLIIFWFSLELQDHNETC,18,23,0.14870117208823172,0.012668126368470478
ORF7b,LVLIMLIIFWFSLELQDHNETCH,19,23,0.16644910145629943,0.014232092586800138
ORF7b,VLIMLIIFWFSLELQDHNETCHA,20,23,0.16875701121636302,0.014388489208633115
ORF7b,MIELSLIDFYLCFLAFLLFLVLIM,0,24,0.12532010864025855,0.00993118548639349
ORF7b,IELSLIDFYLCFLAFLLFLVLIML,1,24,0.12565758367724128,0.010009383797309979
ORF7b,ELSLIDFYLCFLAFLLFLVLIMLI,2,24,0.11556592684555234,0.009227400688145093
ORF7b,LSLIDFYLCFLAFLLFLVLIMLII,3,24,0.09647463379109193,0.007663434469815433
ORF7b,SLIDFYLCFLAFLLFLVLIMLIIF,4,24,0.0919613018491964,0.007272442915232991
ORF7b,LIDFYLCFLAFLLFLVLIMLIIFW,5,24,0.08155148724345876,0.006334063184235239
ORF7b,IDFYLCFLAFLLFLVLIMLIIFWF,6,24,0.08328360560816664,0.006490459806068216
ORF7b,DFYLCFLAFLLFLVLIMLIIFWFS,7,24,0.10224177903510391,0.008132624335314365
ORF7b,FYLCFLAFLLFLVLIMLIIFWFSL,8,24,0.10659823758568791,0.008523615889896807
ORF7b,YLCFLAFLLFLVLIMLIIFWFSLE,9,24,0.1111561340866063,0.008836409133562761
ORF7b,LCFLAFLLFLVLIMLIIFWFSLEL,10,24,0.1111561340866063,0.008836409133562761
ORF7b,CFLAFLLFLVLIMLIIFWFSLELQ,11,24,0.10997757721035857,0.008758210822646273
ORF7b,FLAFLLFLVLIMLIIFWFSLELQD,12,24,0.11320045235483218,0.008992805755395739
ORF7b,LAFLLFLVLIMLIIFWFSLELQDH,13,24,0.10386230906298467,0.008210822646230853
ORF7b,AFLLFLVLIMLIIFWFSLELQDHN,14,24,0.09545479863905654,0.007507037847982456
ORF7b,FLLFLVLIMLIIFWFSLELQDHNE,15,24,0.10107548762496435,0.008054426024397876
ORF7b,LLFLVLIMLIIFWFSLELQDHNET,16,24,0.12354854158553098,0.010322177040975933
ORF7b,LFLVLIMLIIFWFSLELQDHNETC,17,24,0.14870117208823172,0.012668126368470478
ORF7b,FLVLIMLIIFWFSLELQDHNETCH,18,24,0.1676270336800327,0.014310290897716627
ORF7b,LVLIMLIIFWFSLELQDHNETCHA,19,24,0.1754656307854624,0.014935877385048535
ORF7b,MIELSLIDFYLCFLAFLLFLVLIML,0,25,0.1311777714831037,0.010400375351892421
ORF7b,IELSLIDFYLCFLAFLLFLVLIMLI,1,25,0.12683599808041446,0.010087582108226467
ORF7b,ELSLIDFYLCFLAFLLFLVLIMLII,2,25,0.11556592684555234,0.009227400688145093
ORF7b,LSLIDFYLCFLAFLLFLVLIMLIIF,3,25,0.09985426690737034,0.007898029402564899
ORF7b,SLIDFYLCFLAFLLFLVLIMLIIFW,4,25,0.09549745267949425,0.007507037847982456
ORF7b,LIDFYLCFLAFLLFLVLIMLIIFWF,5,25,0.08564122603108322,0.006646856427901193
ORF7b,IDFYLCFLAFLLFLVLIMLIIFWFS,6,25,0.10224177903510391,0.008132624335314365
ORF7b,DFYLCFLAFLLFLVLIMLIIFWFSL,7,25,0.10895539582835301,0.008680012511729784
ORF7b,FYLCFLAFLLFLVLIMLIIFWFSLE,8,25,0.11431995621923793,0.009071004066312116
ORF7b,YLCFLAFLLFLVLIMLIIFWFSLEL,9,25,0.1111561340866063,0.008836409133562761
ORF7b,LCFLAFLLFLVLIMLIIFWFSLELQ,10,25,0.1111561340866063,0.008836409133562761
ORF7b,CFLAFLLFLVLIMLIIFWFSLELQD,11,25,0.1143789825310812,0.009071004066312116
ORF7b,FLAFLLFLVLIMLIIFWFSLELQDH,12,25,0.11948957791302606,0.009461995620894559
ORF7b,LAFLLFLVLIMLIIFWFSLELQDHN,13,25,0.10536477757349441,0.008289020957147342
ORF7b,AFLLFLVLIMLIIFWFSLELQDHNE,14,25,0.11417178226518623,0.009227400688145093
ORF7b,FLLFLVLIMLIIFWFSLELQDHNET,15,25,0.1259052901857125,0.01047857366280891
ORF7b,LLFLVLIMLIIFWFSLELQDHNETC,16,25,0.14987928313734078,0.012746324679386967
ORF7b,LFLVLIMLIIFWFSLELQDHNETCH,17,25,0.1676270336800327,0.014310290897716627
ORF7b,FLVLIMLIIFWFSLELQDHNETCHA,18,25,0.1766434824451987,0.015014075695964912
